animal_id,age_years,breed,sex,weight_kg,body_temperature_c,heart_rate_bpm,respiratory_rate_bpm,milk_yield_drop_pct,appetite,activity_level,vaccination_status,symptoms,latitude,longitude,recorded_date,disease
LV-0001,9.6,Holstein_Friesian,Male,353.3,41.0,90,45,78.3,Anorexia,Lethargic,Up_to_date,"fever,excessive_salivation,oral_vesicles,lameness,loss_of_appetite",21.4097,76.8298,2026-08-06,Foot_and_Mouth_Disease
LV-0002,9.9,Gir,Male,421.3,40.4,77,35,73.8,Reduced,Lethargic,Unvaccinated,"fever,skin_nodules,swollen_lymph_nodes,nasal_discharge,loss_of_appetite",19.6474,77.4329,2026-08-25,Lumpy_Skin_Disease
LV-0003,6.5,Red_Sindhi,Female,384.0,40.5,77,47,35.5,Anorexia,Lethargic,Partial,"fever,skin_nodules,swollen_lymph_nodes,nasal_discharge,loss_of_appetite",19.2763,76.1501,2026-08-02,Lumpy_Skin_Disease
LV-0004,2.9,Jersey,Female,289.3,40.2,89,40,63.1,Anorexia,Lethargic,Unvaccinated,"fever,excessive_salivation,oral_vesicles,lameness,loss_of_appetite",20.0625,77.3447,2026-08-21,Foot_and_Mouth_Disease
LV-0005,3.4,Red_Sindhi,Male,339.2,40.3,76,38,82.1,Anorexia,Lethargic,Overdue,"fever,excessive_salivation,oral_vesicles,lameness,loss_of_appetite",21.4607,76.589,2026-08-12,Foot_and_Mouth_Disease
LV-0006,1.1,Holstein_Friesian,Female,475.8,41.2,94,39,76.0,Anorexia,Lethargic,Partial,"fever,excessive_salivation,oral_vesicles,lameness,loss_of_appetite",21.0501,75.2978,2026-08-01,Foot_and_Mouth_Disease
LV-0007,3.8,Red_Sindhi,Female,325.6,40.9,65,42,73.7,Anorexia,Depressed,Overdue,"fever,skin_nodules,swollen_lymph_nodes,nasal_discharge,loss_of_appetite",19.2682,73.6617,2026-08-15,Lumpy_Skin_Disease
LV-0008,1.2,Red_Sindhi,Female,425.2,40.6,88,24,86.3,Anorexia,Lethargic,Overdue,"fever,excessive_salivation,oral_vesicles,lameness,loss_of_appetite",19.7311,76.5222,2026-08-04,Foot_and_Mouth_Disease
LV-0009,6.4,Holstein_Friesian,Female,437.6,38.9,61,22,0.0,Normal,Active,Up_to_date,none,19.1553,75.166,2026-08-30,Healthy_Cattle
LV-0010,8.3,Jersey,Female,377.9,39.6,70,20,76.8,Reduced,Normal,Up_to_date,"swollen_udder,abnormal_milk_clots,painful_quarter,reduced_milk",20.0322,75.1696,2026-08-05,Bovine_Mastitis
LV-0011,3.4,Holstein_Friesian,Female,438.1,40.5,88,40,70.2,Anorexia,Recumbent,Unvaccinated,"acute_fever,crepitant_swelling,severe_lameness,depression,recumbency",20.6368,74.0923,2026-08-24,Blackleg
LV-0012,6.5,Sahiwal,Male,408.5,40.8,81,28,74.4,Reduced,Lethargic,Unvaccinated,"fever,skin_nodules,swollen_lymph_nodes,nasal_discharge,loss_of_appetite",19.2129,76.4129,2026-08-24,Lumpy_Skin_Disease
LV-0013,9.9,Murrah_Buffalo,Female,450.7,40.1,74,22,71.3,Reduced,Normal,Up_to_date,"swollen_udder,abnormal_milk_clots,painful_quarter,reduced_milk",19.1607,76.3446,2026-08-19,Bovine_Mastitis
LV-0014,1.9,Gir,Female,445.7,39.3,92,44,79.4,Anorexia,Lethargic,Overdue,"fever,excessive_salivation,oral_vesicles,lameness,loss_of_appetite",20.1243,76.2831,2026-08-07,Foot_and_Mouth_Disease
LV-0015,8.4,Gir,Male,323.6,41.3,99,48,73.6,Anorexia,Recumbent,Unvaccinated,"acute_fever,crepitant_swelling,severe_lameness,depression,recumbency",21.1913,77.0483,2026-08-24,Blackleg
LV-0016,8.7,Gir,Male,459.2,38.9,53,28,0.0,Normal,Active,Partial,none,21.421,74.6357,2026-08-14,Healthy_Cattle
LV-0017,7.2,Red_Sindhi,Female,340.2,39.8,84,24,72.4,Reduced,Normal,Overdue,"swollen_udder,abnormal_milk_clots,painful_quarter,reduced_milk",20.0264,76.0453,2026-08-22,Bovine_Mastitis
LV-0018,9.8,Red_Sindhi,Female,436.6,41.3,88,48,73.1,Anorexia,Lethargic,Unvaccinated,"fever,excessive_salivation,oral_vesicles,lameness,loss_of_appetite",19.0857,76.3898,2026-08-19,Foot_and_Mouth_Disease
LV-0019,7.9,Gir,Male,406.6,40.2,77,27,83.4,Reduced,Normal,Up_to_date,"swollen_udder,abnormal_milk_clots,painful_quarter,reduced_milk",19.6553,76.9045,2026-08-03,Bovine_Mastitis
LV-0020,6.0,Murrah_Buffalo,Female,458.1,40.1,71,31,43.3,Reduced,Depressed,Overdue,"fever,skin_nodules,swollen_lymph_nodes,nasal_discharge,loss_of_appetite",20.6267,75.7113,2026-08-10,Lumpy_Skin_Disease
LV-0021,8.3,Gir,Male,421.4,38.9,73,24,0.0,Normal,Active,Up_to_date,none,20.6059,76.6832,2026-08-12,Healthy_Cattle
LV-0022,1.2,Sahiwal,Female,533.4,38.4,59,22,0.0,Normal,Active,Partial,none,21.0168,76.9416,2026-08-17,Healthy_Cattle
LV-0023,8.4,Murrah_Buffalo,Female,423.9,40.1,76,40,58.0,Reduced,Lethargic,Unvaccinated,"fever,skin_nodules,swollen_lymph_nodes,nasal_discharge,loss_of_appetite",20.1219,76.0497,2026-08-20,Lumpy_Skin_Disease
LV-0024,9.7,Sahiwal,Female,413.6,40.4,94,33,41.3,Reduced,Lethargic,Unvaccinated,"fever,skin_nodules,swollen_lymph_nodes,nasal_discharge,loss_of_appetite",20.5655,73.7328,2026-08-26,Lumpy_Skin_Disease
LV-0025,3.3,Murrah_Buffalo,Female,476.7,41.2,85,45,57.5,Anorexia,Lethargic,Overdue,"fever,skin_nodules,swollen_lymph_nodes,nasal_discharge,loss_of_appetite",20.7735,73.5576,2026-08-14,Lumpy_Skin_Disease
LV-0026,1.8,Murrah_Buffalo,Female,387.0,41.1,98,33,32.2,Anorexia,Depressed,Overdue,"fever,skin_nodules,swollen_lymph_nodes,nasal_discharge,loss_of_appetite",18.5459,77.2337,2026-08-01,Lumpy_Skin_Disease
LV-0027,7.2,Sahiwal,Female,440.6,40.4,78,33,65.8,Normal,Normal,Partial,"swollen_udder,abnormal_milk_clots,painful_quarter,reduced_milk",20.9619,76.0038,2026-08-01,Bovine_Mastitis
LV-0028,9.1,Jersey,Female,390.8,38.7,70,22,0.0,Normal,Active,Up_to_date,none,20.9434,74.6274,2026-08-04,Healthy_Cattle
LV-0029,4.1,Holstein_Friesian,Female,414.6,40.9,96,45,76.9,Anorexia,Recumbent,Unvaccinated,"acute_fever,crepitant_swelling,severe_lameness,depression,recumbency",20.6949,74.0108,2026-08-17,Blackleg
LV-0030,4.1,Murrah_Buffalo,Male,406.9,41.7,105,48,64.1,Anorexia,Depressed,Unvaccinated,"acute_fever,crepitant_swelling,severe_lameness,depression,recumbency",20.9794,74.7802,2026-08-27,Blackleg
LV-0031,1.5,Red_Sindhi,Female,395.3,41.1,82,37,51.7,Anorexia,Lethargic,Up_to_date,"fever,skin_nodules,swollen_lymph_nodes,nasal_discharge,loss_of_appetite",20.3073,75.7148,2026-08-21,Lumpy_Skin_Disease
LV-0032,8.1,Gir,Female,419.3,40.8,96,36,77.7,Anorexia,Depressed,Unvaccinated,"acute_fever,crepitant_swelling,severe_lameness,depression,recumbency",18.8512,74.072,2026-08-10,Blackleg
LV-0033,8.8,Murrah_Buffalo,Female,333.6,38.5,70,23,0.0,Normal,Active,Up_to_date,none,20.04,74.4329,2026-08-08,Healthy_Cattle
LV-0034,4.3,Jersey,Female,380.1,41.6,67,48,86.3,Anorexia,Lethargic,Overdue,"fever,excessive_salivation,oral_vesicles,lameness,loss_of_appetite",19.9779,73.5454,2026-08-28,Foot_and_Mouth_Disease
LV-0035,7.7,Red_Sindhi,Female,496.3,40.3,77,28,56.9,Normal,Normal,Partial,"swollen_udder,abnormal_milk_clots,painful_quarter,reduced_milk",19.1708,77.3529,2026-08-12,Bovine_Mastitis
LV-0036,6.0,Red_Sindhi,Male,433.4,38.6,65,20,0.0,Normal,Active,Partial,none,20.0693,76.0176,2026-08-14,Healthy_Cattle
LV-0037,10.0,Murrah_Buffalo,Female,506.2,40.4,86,33,54.3,Anorexia,Lethargic,Overdue,"fever,excessive_salivation,oral_vesicles,lameness,loss_of_appetite",19.009,76.0874,2026-08-08,Foot_and_Mouth_Disease
LV-0038,6.3,Jersey,Female,440.5,41.9,97,33,77.4,Anorexia,Lethargic,Overdue,"fever,excessive_salivation,oral_vesicles,lameness,loss_of_appetite",21.2328,76.7901,2026-08-18,Foot_and_Mouth_Disease
LV-0039,6.2,Gir,Female,346.1,40.9,101,34,69.2,Anorexia,Lethargic,Partial,"fever,excessive_salivation,oral_vesicles,lameness,loss_of_appetite",19.6302,76.4983,2026-08-25,Foot_and_Mouth_Disease
LV-0040,8.6,Red_Sindhi,Female,272.9,38.3,64,23,0.0,Normal,Active,Partial,none,20.9387,77.4989,2026-08-06,Healthy_Cattle
LV-0041,6.3,Red_Sindhi,Female,381.3,39.0,60,21,0.0,Normal,Active,Up_to_date,none,19.3242,74.3289,2026-08-01,Healthy_Cattle
LV-0042,6.6,Jersey,Female,439.9,40.8,114,42,80.8,Anorexia,Depressed,Unvaccinated,"acute_fever,crepitant_swelling,severe_lameness,depression,recumbency",20.1828,77.0066,2026-08-25,Blackleg
LV-0043,5.3,Red_Sindhi,Female,489.0,40.1,75,32,84.1,Reduced,Normal,Unvaccinated,"swollen_udder,abnormal_milk_clots,painful_quarter,reduced_milk",20.1644,73.864,2026-08-02,Bovine_Mastitis
LV-0044,5.6,Jersey,Female,478.9,41.0,87,43,60.3,Anorexia,Lethargic,Unvaccinated,"fever,excessive_salivation,oral_vesicles,lameness,loss_of_appetite",21.4401,75.4705,2026-08-13,Foot_and_Mouth_Disease
LV-0045,6.2,Holstein_Friesian,Female,289.5,41.6,67,44,61.4,Reduced,Lethargic,Unvaccinated,"fever,skin_nodules,swollen_lymph_nodes,nasal_discharge,loss_of_appetite",21.123,75.5609,2026-08-18,Lumpy_Skin_Disease
LV-0046,3.0,Red_Sindhi,Female,343.2,39.0,74,25,64.0,Reduced,Normal,Partial,"swollen_udder,abnormal_milk_clots,painful_quarter,reduced_milk",18.8862,74.8204,2026-08-27,Bovine_Mastitis
LV-0047,8.2,Gir,Female,471.1,40.3,76,39,39.4,Reduced,Lethargic,Unvaccinated,"fever,skin_nodules,swollen_lymph_nodes,nasal_discharge,loss_of_appetite",19.6067,75.3501,2026-08-13,Lumpy_Skin_Disease
LV-0048,2.3,Holstein_Friesian,Female,472.0,40.8,79,41,47.9,Reduced,Depressed,Overdue,"fever,skin_nodules,swollen_lymph_nodes,nasal_discharge,loss_of_appetite",20.1919,76.8628,2026-08-22,Lumpy_Skin_Disease
LV-0049,2.1,Gir,Female,521.2,41.3,87,48,53.5,Anorexia,Lethargic,Unvaccinated,"fever,excessive_salivation,oral_vesicles,lameness,loss_of_appetite",20.2605,76.4818,2026-08-17,Foot_and_Mouth_Disease
LV-0050,4.4,Red_Sindhi,Female,433.6,40.3,73,19,54.9,Reduced,Normal,Up_to_date,"swollen_udder,abnormal_milk_clots,painful_quarter,reduced_milk",19.176,74.9614,2026-08-16,Bovine_Mastitis
LV-0051,2.7,Murrah_Buffalo,Female,422.9,40.2,84,35,35.0,Reduced,Depressed,Partial,"fever,skin_nodules,swollen_lymph_nodes,nasal_discharge,loss_of_appetite",20.9512,74.5316,2026-08-24,Lumpy_Skin_Disease
LV-0052,8.4,Sahiwal,Female,315.2,42.5,90,45,98.7,Anorexia,Depressed,Overdue,"acute_fever,crepitant_swelling,severe_lameness,depression,recumbency",20.7087,75.6194,2026-08-01,Blackleg
LV-0053,3.6,Red_Sindhi,Female,416.0,39.1,68,28,55.1,Normal,Normal,Up_to_date,"swollen_udder,abnormal_milk_clots,painful_quarter,reduced_milk",21.4699,74.7894,2026-08-02,Bovine_Mastitis
LV-0054,2.2,Gir,Female,415.7,40.1,92,38,34.8,Anorexia,Depressed,Unvaccinated,"fever,skin_nodules,swollen_lymph_nodes,nasal_discharge,loss_of_appetite",21.2988,77.4637,2026-08-02,Lumpy_Skin_Disease
LV-0055,1.6,Murrah_Buffalo,Male,412.8,40.7,77,39,37.4,Reduced,Depressed,Unvaccinated,"fever,skin_nodules,swollen_lymph_nodes,nasal_discharge,loss_of_appetite",20.0692,74.9353,2026-08-13,Lumpy_Skin_Disease
LV-0056,7.1,Murrah_Buffalo,Male,307.8,39.6,74,36,50.4,Reduced,Normal,Up_to_date,"swollen_udder,abnormal_milk_clots,painful_quarter,reduced_milk",20.1307,77.1259,2026-08-19,Bovine_Mastitis
LV-0057,4.9,Holstein_Friesian,Female,475.0,40.5,87,27,65.8,Reduced,Normal,Unvaccinated,"swollen_udder,abnormal_milk_clots,painful_quarter,reduced_milk",20.6209,76.6143,2026-08-01,Bovine_Mastitis
LV-0058,6.1,Sahiwal,Female,399.1,41.0,92,33,36.7,Reduced,Depressed,Unvaccinated,"fever,skin_nodules,swollen_lymph_nodes,nasal_discharge,loss_of_appetite",20.4234,76.2758,2026-08-04,Lumpy_Skin_Disease
LV-0059,6.4,Jersey,Female,413.3,41.4,91,30,71.5,Anorexia,Depressed,Partial,"acute_fever,crepitant_swelling,severe_lameness,depression,recumbency",18.9173,73.9032,2026-08-01,Blackleg
LV-0060,8.8,Jersey,Male,526.9,40.9,83,38,36.9,Anorexia,Lethargic,Unvaccinated,"fever,skin_nodules,swollen_lymph_nodes,nasal_discharge,loss_of_appetite",20.7093,77.2375,2026-08-22,Lumpy_Skin_Disease
LV-0061,2.1,Red_Sindhi,Female,395.9,38.5,62,27,0.0,Normal,Active,Up_to_date,none,19.1822,75.9316,2026-08-15,Healthy_Cattle
LV-0062,4.0,Jersey,Female,471.1,39.4,80,39,45.6,Anorexia,Lethargic,Overdue,"fever,skin_nodules,swollen_lymph_nodes,nasal_discharge,loss_of_appetite",19.8573,74.0634,2026-08-24,Lumpy_Skin_Disease
LV-0063,2.5,Red_Sindhi,Male,482.3,39.4,66,24,49.6,Reduced,Normal,Partial,"swollen_udder,abnormal_milk_clots,painful_quarter,reduced_milk",19.877,75.7292,2026-08-22,Bovine_Mastitis
LV-0064,10.0,Gir,Female,379.3,40.7,75,40,70.4,Reduced,Lethargic,Up_to_date,"fever,skin_nodules,swollen_lymph_nodes,nasal_discharge,loss_of_appetite",19.9162,75.7594,2026-08-18,Lumpy_Skin_Disease
LV-0065,7.4,Sahiwal,Female,327.9,42.5,103,37,54.1,Anorexia,Lethargic,Overdue,"fever,excessive_salivation,oral_vesicles,lameness,loss_of_appetite",18.7265,76.513,2026-08-10,Foot_and_Mouth_Disease
LV-0066,6.8,Jersey,Female,476.1,41.6,95,30,50.8,Anorexia,Lethargic,Overdue,"fever,excessive_salivation,oral_vesicles,lameness,loss_of_appetite",20.8997,74.2142,2026-08-01,Foot_and_Mouth_Disease
LV-0067,7.5,Holstein_Friesian,Male,420.8,39.8,60,23,43.9,Reduced,Normal,Unvaccinated,"swollen_udder,abnormal_milk_clots,painful_quarter,reduced_milk",21.0444,73.9911,2026-08-19,Bovine_Mastitis
LV-0068,4.8,Sahiwal,Female,388.6,40.4,68,20,66.6,Normal,Normal,Unvaccinated,"swollen_udder,abnormal_milk_clots,painful_quarter,reduced_milk",19.7282,75.7082,2026-08-02,Bovine_Mastitis
LV-0069,3.0,Sahiwal,Female,398.7,38.7,66,24,0.0,Normal,Active,Up_to_date,none,19.0463,75.4391,2026-08-17,Healthy_Cattle
LV-0070,5.9,Red_Sindhi,Female,382.6,40.5,75,38,60.9,Anorexia,Lethargic,Up_to_date,"fever,excessive_salivation,oral_vesicles,lameness,loss_of_appetite",21.2429,73.971,2026-08-04,Foot_and_Mouth_Disease
LV-0071,1.6,Red_Sindhi,Female,528.7,39.8,66,23,72.9,Normal,Normal,Unvaccinated,"swollen_udder,abnormal_milk_clots,painful_quarter,reduced_milk",19.9828,75.7932,2026-08-17,Bovine_Mastitis
LV-0072,4.4,Sahiwal,Female,399.1,40.9,73,42,65.6,Anorexia,Lethargic,Overdue,"fever,excessive_salivation,oral_vesicles,lameness,loss_of_appetite",19.567,76.3762,2026-08-07,Foot_and_Mouth_Disease
LV-0073,9.5,Murrah_Buffalo,Female,368.5,40.2,69,28,62.3,Reduced,Normal,Up_to_date,"swollen_udder,abnormal_milk_clots,painful_quarter,reduced_milk",20.8127,73.9264,2026-08-09,Bovine_Mastitis
LV-0074,4.7,Red_Sindhi,Female,363.3,42.2,97,33,88.5,Anorexia,Lethargic,Unvaccinated,"fever,excessive_salivation,oral_vesicles,lameness,loss_of_appetite",20.5717,75.5852,2026-08-12,Foot_and_Mouth_Disease
LV-0075,8.9,Red_Sindhi,Female,497.2,40.4,70,31,62.0,Normal,Normal,Partial,"swollen_udder,abnormal_milk_clots,painful_quarter,reduced_milk",21.3322,73.6577,2026-08-10,Bovine_Mastitis
LV-0076,10.0,Sahiwal,Female,302.9,39.6,76,25,48.7,Normal,Normal,Overdue,"swollen_udder,abnormal_milk_clots,painful_quarter,reduced_milk",20.886,76.4803,2026-08-20,Bovine_Mastitis
LV-0077,3.9,Sahiwal,Female,425.8,38.5,62,22,0.0,Normal,Active,Up_to_date,none,20.5889,74.8595,2026-08-23,Healthy_Cattle
LV-0078,6.2,Gir,Male,381.0,41.4,96,39,74.6,Anorexia,Lethargic,Overdue,"fever,excessive_salivation,oral_vesicles,lameness,loss_of_appetite",18.5732,76.9804,2026-08-30,Foot_and_Mouth_Disease
LV-0079,2.7,Sahiwal,Male,575.9,40.3,76,26,34.1,Reduced,Lethargic,Unvaccinated,"fever,skin_nodules,swollen_lymph_nodes,nasal_discharge,loss_of_appetite",18.51,75.3692,2026-08-24,Lumpy_Skin_Disease
LV-0080,3.7,Murrah_Buffalo,Female,417.9,40.9,103,31,58.7,Anorexia,Lethargic,Partial,"fever,excessive_salivation,oral_vesicles,lameness,loss_of_appetite",20.859,73.8576,2026-08-06,Foot_and_Mouth_Disease
LV-0081,9.0,Holstein_Friesian,Female,352.6,38.7,65,25,0.0,Normal,Active,Up_to_date,none,20.0381,74.4227,2026-08-02,Healthy_Cattle
LV-0082,1.3,Sahiwal,Female,448.1,41.1,75,42,70.7,Anorexia,Lethargic,Unvaccinated,"fever,excessive_salivation,oral_vesicles,lameness,loss_of_appetite",20.0751,74.5409,2026-08-03,Foot_and_Mouth_Disease
LV-0083,7.3,Holstein_Friesian,Male,554.1,40.9,69,34,70.9,Anorexia,Recumbent,Up_to_date,"acute_fever,crepitant_swelling,severe_lameness,depression,recumbency",21.0566,73.6417,2026-08-15,Blackleg
LV-0084,6.0,Holstein_Friesian,Female,315.1,40.6,106,34,79.8,Anorexia,Recumbent,Overdue,"acute_fever,crepitant_swelling,severe_lameness,depression,recumbency",20.5498,73.8045,2026-08-17,Blackleg
LV-0085,8.9,Murrah_Buffalo,Female,429.1,41.0,86,48,68.9,Anorexia,Lethargic,Partial,"fever,skin_nodules,swollen_lymph_nodes,nasal_discharge,loss_of_appetite",19.2359,74.1294,2026-08-16,Lumpy_Skin_Disease
LV-0086,8.5,Gir,Female,480.5,42.0,88,45,95.2,Anorexia,Depressed,Up_to_date,"acute_fever,crepitant_swelling,severe_lameness,depression,recumbency",20.9775,74.0155,2026-08-11,Blackleg
LV-0087,9.2,Sahiwal,Male,514.0,41.0,80,33,53.4,Anorexia,Lethargic,Overdue,"fever,excessive_salivation,oral_vesicles,lameness,loss_of_appetite",20.1795,73.9634,2026-08-02,Foot_and_Mouth_Disease
LV-0088,5.9,Holstein_Friesian,Male,436.0,39.6,78,28,55.4,Reduced,Normal,Partial,"swollen_udder,abnormal_milk_clots,painful_quarter,reduced_milk",18.8075,77.2489,2026-08-04,Bovine_Mastitis
LV-0089,3.7,Gir,Male,428.0,40.2,91,26,32.1,Anorexia,Depressed,Partial,"fever,skin_nodules,swollen_lymph_nodes,nasal_discharge,loss_of_appetite",20.749,74.0203,2026-08-29,Lumpy_Skin_Disease
LV-0090,1.6,Gir,Female,488.2,40.5,86,29,87.8,Anorexia,Lethargic,Overdue,"fever,excessive_salivation,oral_vesicles,lameness,loss_of_appetite",21.0626,75.6081,2026-08-29,Foot_and_Mouth_Disease
LV-0091,3.0,Sahiwal,Female,487.3,41.9,93,32,97.7,Anorexia,Recumbent,Unvaccinated,"acute_fever,crepitant_swelling,severe_lameness,depression,recumbency",19.6928,74.5969,2026-08-03,Blackleg
LV-0092,3.9,Murrah_Buffalo,Female,373.2,41.2,92,42,72.5,Anorexia,Lethargic,Unvaccinated,"fever,excessive_salivation,oral_vesicles,lameness,loss_of_appetite",20.1297,74.137,2026-08-25,Foot_and_Mouth_Disease
LV-0093,8.0,Holstein_Friesian,Female,397.8,38.6,61,27,0.0,Normal,Active,Partial,none,21.4025,74.2418,2026-08-15,Healthy_Cattle
LV-0094,2.1,Gir,Female,379.4,40.9,73,20,42.9,Reduced,Normal,Up_to_date,"swollen_udder,abnormal_milk_clots,painful_quarter,reduced_milk",20.8927,74.7414,2026-08-13,Bovine_Mastitis
LV-0095,5.2,Murrah_Buffalo,Male,439.7,40.6,89,43,64.1,Anorexia,Depressed,Unvaccinated,"fever,skin_nodules,swollen_lymph_nodes,nasal_discharge,loss_of_appetite",20.7475,74.0837,2026-08-12,Lumpy_Skin_Disease
LV-0096,2.3,Murrah_Buffalo,Female,383.4,38.3,65,20,0.0,Normal,Active,Partial,none,18.7475,76.7981,2026-08-26,Healthy_Cattle
LV-0097,2.2,Sahiwal,Female,475.2,41.1,89,36,88.1,Anorexia,Lethargic,Overdue,"fever,excessive_salivation,oral_vesicles,lameness,loss_of_appetite",21.1887,75.8791,2026-08-09,Foot_and_Mouth_Disease
LV-0098,5.9,Sahiwal,Male,443.6,40.9,77,42,66.7,Reduced,Depressed,Unvaccinated,"fever,skin_nodules,swollen_lymph_nodes,nasal_discharge,loss_of_appetite",20.9519,75.3093,2026-08-03,Lumpy_Skin_Disease
LV-0099,2.5,Murrah_Buffalo,Female,459.0,41.4,79,48,57.7,Reduced,Lethargic,Unvaccinated,"fever,skin_nodules,swollen_lymph_nodes,nasal_discharge,loss_of_appetite",21.1155,75.2346,2026-08-19,Lumpy_Skin_Disease
LV-0100,1.2,Holstein_Friesian,Female,450.4,39.6,75,35,48.1,Reduced,Lethargic,Overdue,"fever,skin_nodules,swollen_lymph_nodes,nasal_discharge,loss_of_appetite",21.0214,74.1968,2026-08-21,Lumpy_Skin_Disease
LV-0101,7.7,Jersey,Female,346.5,40.5,98,50,77.5,Anorexia,Depressed,Unvaccinated,"acute_fever,crepitant_swelling,severe_lameness,depression,recumbency",21.1203,77.1028,2026-08-06,Blackleg
LV-0102,9.9,Sahiwal,Female,343.4,40.4,110,40,69.4,Anorexia,Depressed,Unvaccinated,"acute_fever,crepitant_swelling,severe_lameness,depression,recumbency",20.3056,76.0302,2026-08-14,Blackleg
LV-0103,2.6,Red_Sindhi,Female,321.0,38.6,64,28,0.0,Normal,Active,Up_to_date,none,19.5777,75.8718,2026-08-06,Healthy_Cattle
LV-0104,3.8,Jersey,Female,523.0,42.0,79,37,69.4,Anorexia,Depressed,Unvaccinated,"acute_fever,crepitant_swelling,severe_lameness,depression,recumbency",19.4927,75.2951,2026-08-12,Blackleg
LV-0105,4.9,Jersey,Male,510.0,38.9,62,22,0.0,Normal,Active,Up_to_date,none,20.7092,76.1552,2026-08-05,Healthy_Cattle
LV-0106,7.3,Jersey,Female,401.8,41.4,92,37,62.3,Anorexia,Recumbent,Partial,"acute_fever,crepitant_swelling,severe_lameness,depression,recumbency",18.618,73.9884,2026-08-06,Blackleg
LV-0107,1.8,Gir,Female,522.9,41.0,78,21,60.9,Reduced,Lethargic,Partial,"fever,skin_nodules,swollen_lymph_nodes,nasal_discharge,loss_of_appetite",20.2403,74.5169,2026-08-11,Lumpy_Skin_Disease
LV-0108,7.0,Jersey,Female,363.7,40.2,76,24,60.0,Reduced,Normal,Up_to_date,"swollen_udder,abnormal_milk_clots,painful_quarter,reduced_milk",20.5779,76.8525,2026-08-26,Bovine_Mastitis
LV-0109,1.2,Sahiwal,Female,431.0,40.9,83,39,81.8,Anorexia,Lethargic,Partial,"fever,excessive_salivation,oral_vesicles,lameness,loss_of_appetite",20.3018,77.2635,2026-08-14,Foot_and_Mouth_Disease
LV-0110,6.9,Sahiwal,Female,480.3,40.6,91,48,79.5,Anorexia,Lethargic,Partial,"fever,excessive_salivation,oral_vesicles,lameness,loss_of_appetite",19.7124,74.8081,2026-08-06,Foot_and_Mouth_Disease
LV-0111,9.1,Red_Sindhi,Female,467.4,40.6,73,31,76.0,Anorexia,Lethargic,Overdue,"fever,excessive_salivation,oral_vesicles,lameness,loss_of_appetite",20.3906,75.9393,2026-08-15,Foot_and_Mouth_Disease
LV-0112,4.5,Gir,Female,381.7,40.5,115,50,84.8,Anorexia,Recumbent,Unvaccinated,"acute_fever,crepitant_swelling,severe_lameness,depression,recumbency",21.09,75.5763,2026-08-06,Blackleg
LV-0113,8.3,Gir,Male,425.4,38.2,64,17,0.0,Normal,Active,Up_to_date,none,20.1482,76.4875,2026-08-12,Healthy_Cattle
LV-0114,1.2,Holstein_Friesian,Female,427.8,38.7,57,22,0.0,Normal,Active,Up_to_date,none,19.0837,74.1653,2026-08-04,Healthy_Cattle
LV-0115,3.6,Holstein_Friesian,Female,430.8,41.6,97,27,78.6,Anorexia,Lethargic,Overdue,"fever,excessive_salivation,oral_vesicles,lameness,loss_of_appetite",19.7406,73.9875,2026-08-11,Foot_and_Mouth_Disease
LV-0116,8.7,Red_Sindhi,Female,383.9,40.8,69,38,73.3,Anorexia,Depressed,Unvaccinated,"fever,skin_nodules,swollen_lymph_nodes,nasal_discharge,loss_of_appetite",18.6302,76.0326,2026-08-27,Lumpy_Skin_Disease
LV-0117,6.7,Red_Sindhi,Female,499.5,40.8,73,38,46.2,Anorexia,Depressed,Unvaccinated,"fever,skin_nodules,swollen_lymph_nodes,nasal_discharge,loss_of_appetite",19.2669,74.7082,2026-08-24,Lumpy_Skin_Disease
LV-0118,4.8,Sahiwal,Female,434.4,38.4,78,19,0.0,Normal,Active,Up_to_date,none,20.7106,76.9512,2026-08-23,Healthy_Cattle
LV-0119,2.6,Red_Sindhi,Female,378.0,39.4,63,31,68.4,Normal,Normal,Up_to_date,"swollen_udder,abnormal_milk_clots,painful_quarter,reduced_milk",19.3236,75.8882,2026-08-18,Bovine_Mastitis
LV-0120,4.9,Gir,Female,443.4,41.5,94,36,80.9,Anorexia,Lethargic,Overdue,"fever,excessive_salivation,oral_vesicles,lameness,loss_of_appetite",20.4359,75.883,2026-08-09,Foot_and_Mouth_Disease
LV-0121,3.0,Gir,Female,422.0,40.3,90,27,85.2,Anorexia,Lethargic,Unvaccinated,"fever,excessive_salivation,oral_vesicles,lameness,loss_of_appetite",20.0989,74.7973,2026-08-03,Foot_and_Mouth_Disease
LV-0122,1.5,Jersey,Female,302.9,40.3,75,36,73.3,Anorexia,Depressed,Overdue,"fever,skin_nodules,swollen_lymph_nodes,nasal_discharge,loss_of_appetite",19.7284,75.1908,2026-08-23,Lumpy_Skin_Disease
LV-0123,4.1,Jersey,Male,388.0,40.5,96,48,93.7,Anorexia,Recumbent,Unvaccinated,"acute_fever,crepitant_swelling,severe_lameness,depression,recumbency",18.7674,76.5211,2026-08-01,Blackleg
LV-0124,5.6,Jersey,Female,379.1,39.1,61,22,50.8,Reduced,Normal,Partial,"swollen_udder,abnormal_milk_clots,painful_quarter,reduced_milk",19.3391,77.2695,2026-08-18,Bovine_Mastitis
LV-0125,9.3,Holstein_Friesian,Female,424.9,39.7,81,26,79.1,Reduced,Normal,Unvaccinated,"swollen_udder,abnormal_milk_clots,painful_quarter,reduced_milk",19.414,73.8237,2026-08-21,Bovine_Mastitis
LV-0126,2.4,Holstein_Friesian,Female,425.2,40.9,82,40,51.6,Reduced,Lethargic,Overdue,"fever,skin_nodules,swollen_lymph_nodes,nasal_discharge,loss_of_appetite",21.1948,76.8173,2026-08-20,Lumpy_Skin_Disease
LV-0127,4.6,Gir,Female,383.4,39.7,74,30,83.5,Reduced,Normal,Up_to_date,"swollen_udder,abnormal_milk_clots,painful_quarter,reduced_milk",20.0184,75.258,2026-08-28,Bovine_Mastitis
LV-0128,1.0,Holstein_Friesian,Female,320.6,39.0,71,15,0.0,Normal,Active,Up_to_date,none,19.1353,75.4384,2026-08-18,Healthy_Cattle
LV-0129,7.3,Gir,Female,386.2,40.4,79,31,34.5,Anorexia,Lethargic,Unvaccinated,"fever,skin_nodules,swollen_lymph_nodes,nasal_discharge,loss_of_appetite",21.4901,76.7559,2026-08-07,Lumpy_Skin_Disease
LV-0130,2.6,Jersey,Male,448.2,41.2,83,47,76.2,Anorexia,Lethargic,Overdue,"fever,excessive_salivation,oral_vesicles,lameness,loss_of_appetite",20.0765,75.4265,2026-08-07,Foot_and_Mouth_Disease
LV-0131,7.9,Murrah_Buffalo,Female,385.4,39.9,89,45,81.4,Anorexia,Recumbent,Up_to_date,"acute_fever,crepitant_swelling,severe_lameness,depression,recumbency",19.2236,77.4035,2026-08-18,Blackleg
LV-0132,1.4,Gir,Female,469.0,39.9,68,35,36.7,Reduced,Depressed,Overdue,"fever,skin_nodules,swollen_lymph_nodes,nasal_discharge,loss_of_appetite",20.4551,76.7427,2026-08-29,Lumpy_Skin_Disease
LV-0133,5.1,Red_Sindhi,Female,379.9,41.4,81,50,60.2,Anorexia,Lethargic,Unvaccinated,"fever,excessive_salivation,oral_vesicles,lameness,loss_of_appetite",18.6153,77.107,2026-08-21,Foot_and_Mouth_Disease
LV-0134,5.5,Holstein_Friesian,Female,498.1,39.1,65,20,0.0,Normal,Active,Up_to_date,none,20.7123,75.5489,2026-08-05,Healthy_Cattle
LV-0135,1.3,Holstein_Friesian,Female,371.9,41.2,74,28,64.9,Anorexia,Lethargic,Overdue,"fever,skin_nodules,swollen_lymph_nodes,nasal_discharge,loss_of_appetite",18.7952,76.1412,2026-08-08,Lumpy_Skin_Disease
LV-0136,1.2,Jersey,Female,479.8,40.3,73,48,58.2,Anorexia,Lethargic,Overdue,"fever,excessive_salivation,oral_vesicles,lameness,loss_of_appetite",20.345,76.5985,2026-08-09,Foot_and_Mouth_Disease
LV-0137,5.3,Sahiwal,Female,381.4,38.9,65,25,0.0,Normal,Active,Up_to_date,none,20.7442,76.7471,2026-08-28,Healthy_Cattle
LV-0138,1.4,Gir,Male,370.3,40.7,88,23,47.5,Reduced,Lethargic,Partial,"fever,skin_nodules,swollen_lymph_nodes,nasal_discharge,loss_of_appetite",20.5279,75.4842,2026-08-17,Lumpy_Skin_Disease
LV-0139,3.6,Murrah_Buffalo,Female,399.0,41.5,121,47,68.8,Anorexia,Depressed,Unvaccinated,"acute_fever,crepitant_swelling,severe_lameness,depression,recumbency",20.1734,74.2224,2026-08-11,Blackleg
LV-0140,7.8,Gir,Female,523.8,41.0,91,33,53.7,Anorexia,Lethargic,Partial,"fever,excessive_salivation,oral_vesicles,lameness,loss_of_appetite",19.9652,74.1027,2026-08-12,Foot_and_Mouth_Disease
LV-0141,5.9,Red_Sindhi,Female,306.0,41.2,117,46,94.9,Anorexia,Depressed,Unvaccinated,"acute_fever,crepitant_swelling,severe_lameness,depression,recumbency",18.9802,75.3462,2026-08-16,Blackleg
LV-0142,7.7,Holstein_Friesian,Female,368.7,38.4,67,27,0.0,Normal,Active,Up_to_date,none,20.727,76.7605,2026-08-27,Healthy_Cattle
LV-0143,4.2,Red_Sindhi,Female,412.0,40.6,75,39,73.1,Reduced,Lethargic,Overdue,"fever,skin_nodules,swollen_lymph_nodes,nasal_discharge,loss_of_appetite",19.4168,77.0066,2026-08-05,Lumpy_Skin_Disease
LV-0144,4.5,Jersey,Male,379.4,40.9,85,30,30.1,Reduced,Lethargic,Overdue,"fever,skin_nodules,swollen_lymph_nodes,nasal_discharge,loss_of_appetite",19.044,75.0507,2026-08-17,Lumpy_Skin_Disease
LV-0145,5.3,Murrah_Buffalo,Female,427.6,39.4,88,37,67.2,Reduced,Normal,Partial,"swollen_udder,abnormal_milk_clots,painful_quarter,reduced_milk",19.3095,76.8002,2026-08-17,Bovine_Mastitis
LV-0146,2.3,Red_Sindhi,Male,461.8,40.4,74,35,59.8,Normal,Normal,Up_to_date,"swollen_udder,abnormal_milk_clots,painful_quarter,reduced_milk",19.8021,73.8544,2026-08-20,Bovine_Mastitis
LV-0147,8.2,Holstein_Friesian,Female,431.4,40.9,96,29,65.4,Reduced,Lethargic,Partial,"fever,skin_nodules,swollen_lymph_nodes,nasal_discharge,loss_of_appetite",19.6515,75.7875,2026-08-16,Lumpy_Skin_Disease
LV-0148,6.1,Sahiwal,Female,450.7,40.2,95,46,61.4,Anorexia,Depressed,Up_to_date,"fever,skin_nodules,swollen_lymph_nodes,nasal_discharge,loss_of_appetite",21.0582,74.4022,2026-08-05,Lumpy_Skin_Disease
LV-0149,2.7,Gir,Female,349.8,37.7,64,31,0.0,Normal,Active,Up_to_date,none,20.6885,76.5621,2026-08-22,Healthy_Cattle
LV-0150,2.2,Gir,Female,416.8,41.3,78,31,81.5,Anorexia,Lethargic,Partial,"fever,excessive_salivation,oral_vesicles,lameness,loss_of_appetite",19.6136,75.2155,2026-08-25,Foot_and_Mouth_Disease
LV-0151,1.6,Red_Sindhi,Male,274.5,41.6,104,39,60.9,Anorexia,Depressed,Partial,"acute_fever,crepitant_swelling,severe_lameness,depression,recumbency",20.1805,77.2473,2026-08-10,Blackleg
LV-0152,8.1,Murrah_Buffalo,Female,444.5,38.6,67,21,0.0,Normal,Active,Up_to_date,none,19.5148,74.7348,2026-08-21,Healthy_Cattle
LV-0153,4.1,Gir,Female,394.4,39.5,79,25,65.3,Reduced,Normal,Up_to_date,"swollen_udder,abnormal_milk_clots,painful_quarter,reduced_milk",21.0804,76.3913,2026-08-09,Bovine_Mastitis
LV-0154,5.9,Sahiwal,Female,453.1,41.0,82,40,86.6,Anorexia,Recumbent,Overdue,"acute_fever,crepitant_swelling,severe_lameness,depression,recumbency",21.086,75.3406,2026-08-07,Blackleg
LV-0155,1.6,Murrah_Buffalo,Male,424.3,39.8,73,35,55.3,Reduced,Normal,Overdue,"swollen_udder,abnormal_milk_clots,painful_quarter,reduced_milk",20.7753,76.5164,2026-08-15,Bovine_Mastitis
LV-0156,8.9,Murrah_Buffalo,Male,398.4,40.9,84,35,64.7,Reduced,Lethargic,Unvaccinated,"fever,skin_nodules,swollen_lymph_nodes,nasal_discharge,loss_of_appetite",21.2277,75.6548,2026-08-20,Lumpy_Skin_Disease
LV-0157,4.3,Gir,Female,498.6,40.9,74,43,91.7,Anorexia,Recumbent,Unvaccinated,"acute_fever,crepitant_swelling,severe_lameness,depression,recumbency",20.8937,75.0839,2026-08-16,Blackleg
LV-0158,5.7,Jersey,Male,346.3,38.7,55,29,0.0,Normal,Active,Partial,none,19.0066,75.5282,2026-08-28,Healthy_Cattle
LV-0159,2.7,Red_Sindhi,Male,362.7,40.8,98,29,33.8,Anorexia,Depressed,Unvaccinated,"fever,skin_nodules,swollen_lymph_nodes,nasal_discharge,loss_of_appetite",21.4014,75.171,2026-08-23,Lumpy_Skin_Disease
LV-0160,7.5,Sahiwal,Male,368.3,40.8,77,37,31.3,Anorexia,Lethargic,Overdue,"fever,skin_nodules,swollen_lymph_nodes,nasal_discharge,loss_of_appetite",21.4204,74.8474,2026-08-09,Lumpy_Skin_Disease
LV-0161,5.9,Holstein_Friesian,Male,401.8,38.0,64,29,0.0,Normal,Active,Up_to_date,none,19.9826,76.813,2026-08-28,Healthy_Cattle
LV-0162,3.2,Jersey,Male,434.6,39.5,80,27,73.3,Normal,Normal,Unvaccinated,"swollen_udder,abnormal_milk_clots,painful_quarter,reduced_milk",19.8065,75.809,2026-08-17,Bovine_Mastitis
LV-0163,5.2,Holstein_Friesian,Female,400.9,38.4,67,19,0.0,Normal,Active,Partial,none,18.718,73.8083,2026-08-03,Healthy_Cattle
LV-0164,5.6,Murrah_Buffalo,Female,481.7,40.5,104,47,86.6,Anorexia,Recumbent,Partial,"acute_fever,crepitant_swelling,severe_lameness,depression,recumbency",20.5122,75.7418,2026-08-27,Blackleg
LV-0165,4.4,Murrah_Buffalo,Male,362.9,40.6,101,35,69.2,Anorexia,Lethargic,Up_to_date,"fever,excessive_salivation,oral_vesicles,lameness,loss_of_appetite",19.7643,73.6087,2026-08-06,Foot_and_Mouth_Disease
LV-0166,8.7,Holstein_Friesian,Female,431.8,41.0,96,34,61.3,Anorexia,Lethargic,Partial,"fever,excessive_salivation,oral_vesicles,lameness,loss_of_appetite",18.8377,76.3147,2026-08-29,Foot_and_Mouth_Disease
LV-0167,3.4,Gir,Male,318.0,40.9,87,30,56.9,Reduced,Depressed,Partial,"fever,skin_nodules,swollen_lymph_nodes,nasal_discharge,loss_of_appetite",19.4912,74.8616,2026-08-24,Lumpy_Skin_Disease
LV-0168,1.7,Red_Sindhi,Female,424.2,41.2,74,37,34.2,Anorexia,Lethargic,Partial,"fever,skin_nodules,swollen_lymph_nodes,nasal_discharge,loss_of_appetite",21.1369,75.7871,2026-08-13,Lumpy_Skin_Disease
LV-0169,1.7,Murrah_Buffalo,Male,352.8,41.1,84,38,66.8,Anorexia,Depressed,Unvaccinated,"acute_fever,crepitant_swelling,severe_lameness,depression,recumbency",20.8664,76.0584,2026-08-23,Blackleg
LV-0170,1.9,Murrah_Buffalo,Male,550.3,39.7,74,30,73.5,Reduced,Normal,Unvaccinated,"swollen_udder,abnormal_milk_clots,painful_quarter,reduced_milk",18.7128,74.5176,2026-08-17,Bovine_Mastitis
LV-0171,6.4,Holstein_Friesian,Male,408.9,39.8,70,20,58.0,Anorexia,Lethargic,Unvaccinated,"fever,skin_nodules,swollen_lymph_nodes,nasal_discharge,loss_of_appetite",20.2726,75.648,2026-08-17,Lumpy_Skin_Disease
LV-0172,3.0,Holstein_Friesian,Male,401.4,40.2,84,44,53.1,Reduced,Depressed,Overdue,"fever,skin_nodules,swollen_lymph_nodes,nasal_discharge,loss_of_appetite",18.7613,75.9683,2026-08-24,Lumpy_Skin_Disease
LV-0173,8.9,Gir,Female,534.1,39.8,68,20,59.0,Reduced,Normal,Partial,"swollen_udder,abnormal_milk_clots,painful_quarter,reduced_milk",20.6421,75.9316,2026-08-16,Bovine_Mastitis
LV-0174,7.5,Jersey,Female,461.3,41.1,84,42,76.6,Anorexia,Lethargic,Unvaccinated,"fever,excessive_salivation,oral_vesicles,lameness,loss_of_appetite",20.488,73.8691,2026-08-15,Foot_and_Mouth_Disease
LV-0175,7.8,Gir,Male,406.5,40.4,89,41,77.1,Anorexia,Lethargic,Overdue,"fever,excessive_salivation,oral_vesicles,lameness,loss_of_appetite",20.281,73.5405,2026-08-18,Foot_and_Mouth_Disease
LV-0176,2.0,Jersey,Female,383.3,40.8,72,36,30.5,Anorexia,Lethargic,Unvaccinated,"fever,skin_nodules,swollen_lymph_nodes,nasal_discharge,loss_of_appetite",20.2316,73.675,2026-08-21,Lumpy_Skin_Disease
LV-0177,2.9,Gir,Female,482.9,38.5,60,23,0.0,Normal,Active,Up_to_date,none,21.0852,75.8611,2026-08-12,Healthy_Cattle
LV-0178,8.4,Jersey,Male,411.9,41.6,105,28,74.8,Anorexia,Depressed,Unvaccinated,"acute_fever,crepitant_swelling,severe_lameness,depression,recumbency",20.5652,74.9982,2026-08-24,Blackleg
LV-0179,6.8,Red_Sindhi,Male,433.7,39.5,92,33,56.8,Reduced,Depressed,Unvaccinated,"fever,skin_nodules,swollen_lymph_nodes,nasal_discharge,loss_of_appetite",21.0252,75.8209,2026-08-06,Lumpy_Skin_Disease
LV-0180,7.2,Red_Sindhi,Female,391.6,39.8,78,28,57.3,Normal,Normal,Up_to_date,"swollen_udder,abnormal_milk_clots,painful_quarter,reduced_milk",19.664,74.1401,2026-08-18,Bovine_Mastitis
LV-0181,2.3,Red_Sindhi,Female,422.8,40.8,73,27,69.0,Anorexia,Lethargic,Unvaccinated,"fever,excessive_salivation,oral_vesicles,lameness,loss_of_appetite",21.4846,75.6815,2026-08-29,Foot_and_Mouth_Disease
LV-0182,9.7,Jersey,Female,325.7,40.1,76,39,72.1,Anorexia,Lethargic,Unvaccinated,"fever,excessive_salivation,oral_vesicles,lameness,loss_of_appetite",20.7857,76.8346,2026-08-19,Foot_and_Mouth_Disease
LV-0183,8.4,Red_Sindhi,Female,421.8,40.0,76,43,83.2,Anorexia,Lethargic,Unvaccinated,"fever,excessive_salivation,oral_vesicles,lameness,loss_of_appetite",18.9957,75.8319,2026-08-29,Foot_and_Mouth_Disease
LV-0184,6.6,Holstein_Friesian,Male,437.5,40.3,89,33,49.1,Reduced,Normal,Up_to_date,"swollen_udder,abnormal_milk_clots,painful_quarter,reduced_milk",19.9266,75.6721,2026-08-19,Bovine_Mastitis
LV-0185,6.3,Sahiwal,Female,384.3,39.6,76,36,60.6,Anorexia,Lethargic,Partial,"fever,skin_nodules,swollen_lymph_nodes,nasal_discharge,loss_of_appetite",21.3473,75.5516,2026-08-12,Lumpy_Skin_Disease
LV-0186,8.8,Sahiwal,Male,365.7,39.4,69,34,63.0,Reduced,Normal,Overdue,"swollen_udder,abnormal_milk_clots,painful_quarter,reduced_milk",21.0967,77.423,2026-08-18,Bovine_Mastitis
LV-0187,6.4,Jersey,Female,489.9,39.7,72,33,63.0,Reduced,Normal,Partial,"swollen_udder,abnormal_milk_clots,painful_quarter,reduced_milk",18.5573,75.4074,2026-08-29,Bovine_Mastitis
LV-0188,8.8,Sahiwal,Female,505.6,41.3,77,42,63.0,Anorexia,Depressed,Partial,"fever,skin_nodules,swollen_lymph_nodes,nasal_discharge,loss_of_appetite",19.102,77.4786,2026-08-08,Lumpy_Skin_Disease
LV-0189,1.1,Gir,Male,450.9,41.2,92,33,80.8,Anorexia,Lethargic,Unvaccinated,"fever,excessive_salivation,oral_vesicles,lameness,loss_of_appetite",20.7983,76.8837,2026-08-02,Foot_and_Mouth_Disease
LV-0190,4.6,Sahiwal,Female,477.7,40.0,98,40,56.0,Anorexia,Lethargic,Overdue,"fever,skin_nodules,swollen_lymph_nodes,nasal_discharge,loss_of_appetite",21.1068,76.227,2026-08-17,Lumpy_Skin_Disease
LV-0191,8.2,Murrah_Buffalo,Male,446.8,39.3,65,31,78.9,Reduced,Normal,Up_to_date,"swollen_udder,abnormal_milk_clots,painful_quarter,reduced_milk",18.957,74.5647,2026-08-22,Bovine_Mastitis
LV-0192,5.3,Gir,Female,424.7,40.8,71,46,75.9,Anorexia,Lethargic,Overdue,"fever,excessive_salivation,oral_vesicles,lameness,loss_of_appetite",21.166,75.5123,2026-08-30,Foot_and_Mouth_Disease
LV-0193,8.4,Murrah_Buffalo,Male,445.5,41.1,61,26,53.6,Normal,Normal,Overdue,"swollen_udder,abnormal_milk_clots,painful_quarter,reduced_milk",18.8599,77.1672,2026-08-08,Bovine_Mastitis
LV-0194,5.5,Murrah_Buffalo,Female,440.1,40.2,81,38,61.0,Anorexia,Lethargic,Unvaccinated,"fever,excessive_salivation,oral_vesicles,lameness,loss_of_appetite",18.6881,76.8574,2026-08-09,Foot_and_Mouth_Disease
LV-0195,9.5,Red_Sindhi,Male,403.6,40.3,95,34,62.5,Anorexia,Lethargic,Unvaccinated,"fever,excessive_salivation,oral_vesicles,lameness,loss_of_appetite",21.1756,75.2353,2026-08-17,Foot_and_Mouth_Disease
LV-0196,9.4,Holstein_Friesian,Female,464.3,40.9,92,44,55.6,Anorexia,Lethargic,Overdue,"fever,excessive_salivation,oral_vesicles,lameness,loss_of_appetite",21.1265,74.2312,2026-08-24,Foot_and_Mouth_Disease
LV-0197,9.6,Gir,Female,408.9,40.3,95,34,75.4,Anorexia,Depressed,Unvaccinated,"acute_fever,crepitant_swelling,severe_lameness,depression,recumbency",18.8329,76.0377,2026-08-03,Blackleg
LV-0198,1.5,Gir,Female,494.1,40.6,84,41,76.3,Anorexia,Lethargic,Unvaccinated,"fever,excessive_salivation,oral_vesicles,lameness,loss_of_appetite",21.1405,74.363,2026-08-13,Foot_and_Mouth_Disease
LV-0199,1.3,Gir,Male,428.3,41.0,125,34,63.4,Anorexia,Recumbent,Unvaccinated,"acute_fever,crepitant_swelling,severe_lameness,depression,recumbency",20.9699,76.6281,2026-08-21,Blackleg
LV-0200,8.5,Murrah_Buffalo,Female,328.5,40.1,85,19,66.2,Anorexia,Lethargic,Unvaccinated,"fever,excessive_salivation,oral_vesicles,lameness,loss_of_appetite",20.2854,73.5397,2026-08-11,Foot_and_Mouth_Disease
LV-0201,1.4,Sahiwal,Female,403.9,39.1,59,21,0.0,Normal,Active,Up_to_date,none,21.0714,75.8014,2026-08-10,Healthy_Cattle
LV-0202,8.3,Sahiwal,Female,478.9,40.8,70,44,74.9,Anorexia,Recumbent,Overdue,"acute_fever,crepitant_swelling,severe_lameness,depression,recumbency",20.4394,77.3968,2026-08-15,Blackleg
LV-0203,5.9,Gir,Female,406.6,41.9,76,35,62.6,Anorexia,Recumbent,Overdue,"acute_fever,crepitant_swelling,severe_lameness,depression,recumbency",19.9522,76.4898,2026-08-23,Blackleg
LV-0204,6.2,Gir,Female,452.2,41.2,93,36,69.0,Anorexia,Recumbent,Overdue,"acute_fever,crepitant_swelling,severe_lameness,depression,recumbency",20.3672,76.6253,2026-08-13,Blackleg
LV-0205,9.8,Jersey,Female,446.3,40.2,100,31,71.6,Anorexia,Lethargic,Overdue,"fever,excessive_salivation,oral_vesicles,lameness,loss_of_appetite",20.57,76.2604,2026-08-18,Foot_and_Mouth_Disease
LV-0206,6.7,Holstein_Friesian,Male,323.5,40.7,98,36,33.4,Reduced,Depressed,Unvaccinated,"fever,skin_nodules,swollen_lymph_nodes,nasal_discharge,loss_of_appetite",20.1397,75.2313,2026-08-30,Lumpy_Skin_Disease
LV-0207,8.8,Jersey,Female,394.2,40.2,61,30,59.7,Reduced,Normal,Up_to_date,"swollen_udder,abnormal_milk_clots,painful_quarter,reduced_milk",20.367,77.4247,2026-08-04,Bovine_Mastitis
LV-0208,7.6,Red_Sindhi,Female,369.8,39.1,71,22,0.0,Normal,Active,Up_to_date,none,19.43,74.4282,2026-08-11,Healthy_Cattle
LV-0209,2.5,Sahiwal,Female,438.4,41.7,101,46,75.1,Anorexia,Recumbent,Unvaccinated,"acute_fever,crepitant_swelling,severe_lameness,depression,recumbency",18.6382,76.7323,2026-08-08,Blackleg
LV-0210,7.6,Holstein_Friesian,Female,393.8,38.6,77,23,0.0,Normal,Active,Up_to_date,none,19.3667,75.0913,2026-08-27,Healthy_Cattle
LV-0211,5.5,Gir,Female,555.4,38.5,64,21,0.0,Normal,Active,Up_to_date,none,20.3661,77.4698,2026-08-29,Healthy_Cattle
LV-0212,4.2,Jersey,Female,377.4,39.4,61,28,41.8,Normal,Normal,Up_to_date,"swollen_udder,abnormal_milk_clots,painful_quarter,reduced_milk",21.1003,74.6299,2026-08-29,Bovine_Mastitis
LV-0213,7.5,Holstein_Friesian,Female,517.0,40.9,79,28,85.8,Anorexia,Lethargic,Partial,"fever,excessive_salivation,oral_vesicles,lameness,loss_of_appetite",21.1777,75.1778,2026-08-04,Foot_and_Mouth_Disease
LV-0214,9.0,Sahiwal,Male,380.6,38.4,69,17,0.0,Normal,Active,Up_to_date,none,20.4081,74.9574,2026-08-26,Healthy_Cattle
LV-0215,5.6,Holstein_Friesian,Female,446.2,38.7,72,19,0.0,Normal,Active,Up_to_date,none,20.464,74.1064,2026-08-25,Healthy_Cattle
LV-0216,1.4,Jersey,Female,410.0,40.2,87,40,66.6,Normal,Normal,Up_to_date,"swollen_udder,abnormal_milk_clots,painful_quarter,reduced_milk",20.6694,74.3022,2026-08-07,Bovine_Mastitis
LV-0217,3.7,Holstein_Friesian,Male,493.0,41.3,85,45,62.1,Anorexia,Lethargic,Overdue,"fever,excessive_salivation,oral_vesicles,lameness,loss_of_appetite",20.6379,76.7671,2026-08-14,Foot_and_Mouth_Disease
LV-0218,4.0,Murrah_Buffalo,Male,507.6,39.7,77,37,54.5,Anorexia,Lethargic,Unvaccinated,"fever,skin_nodules,swollen_lymph_nodes,nasal_discharge,loss_of_appetite",20.2513,77.3089,2026-08-10,Lumpy_Skin_Disease
LV-0219,4.3,Jersey,Female,478.2,40.3,74,23,62.9,Reduced,Normal,Partial,"swollen_udder,abnormal_milk_clots,painful_quarter,reduced_milk",20.9825,76.2888,2026-08-07,Bovine_Mastitis
LV-0220,9.3,Sahiwal,Female,394.9,40.4,71,25,69.9,Normal,Normal,Up_to_date,"swollen_udder,abnormal_milk_clots,painful_quarter,reduced_milk",20.7942,76.1842,2026-08-13,Bovine_Mastitis
LV-0221,5.5,Holstein_Friesian,Female,447.3,38.4,60,29,0.0,Normal,Active,Up_to_date,none,21.017,73.5457,2026-08-26,Healthy_Cattle
LV-0222,8.6,Jersey,Male,473.4,40.1,78,28,42.3,Reduced,Normal,Unvaccinated,"swollen_udder,abnormal_milk_clots,painful_quarter,reduced_milk",21.0879,74.217,2026-08-30,Bovine_Mastitis
LV-0223,4.6,Holstein_Friesian,Female,353.0,39.2,77,32,75.9,Normal,Normal,Unvaccinated,"swollen_udder,abnormal_milk_clots,painful_quarter,reduced_milk",20.2152,76.8313,2026-08-19,Bovine_Mastitis
LV-0224,3.2,Jersey,Female,313.4,40.0,65,21,68.0,Reduced,Normal,Unvaccinated,"swollen_udder,abnormal_milk_clots,painful_quarter,reduced_milk",19.7136,73.7734,2026-08-27,Bovine_Mastitis
LV-0225,1.8,Gir,Female,389.4,40.9,82,29,89.3,Anorexia,Lethargic,Unvaccinated,"fever,excessive_salivation,oral_vesicles,lameness,loss_of_appetite",20.7005,73.9648,2026-08-23,Foot_and_Mouth_Disease
LV-0226,7.8,Jersey,Female,445.5,40.7,92,37,54.1,Anorexia,Lethargic,Unvaccinated,"fever,excessive_salivation,oral_vesicles,lameness,loss_of_appetite",21.4369,75.722,2026-08-18,Foot_and_Mouth_Disease
LV-0227,4.8,Holstein_Friesian,Female,330.2,40.9,94,30,70.7,Anorexia,Recumbent,Unvaccinated,"acute_fever,crepitant_swelling,severe_lameness,depression,recumbency",21.4056,75.9145,2026-08-07,Blackleg
LV-0228,9.3,Jersey,Female,525.9,40.3,74,35,54.9,Anorexia,Depressed,Overdue,"fever,skin_nodules,swollen_lymph_nodes,nasal_discharge,loss_of_appetite",20.191,75.3027,2026-08-16,Lumpy_Skin_Disease
LV-0229,5.7,Holstein_Friesian,Male,412.0,39.2,63,30,82.3,Normal,Normal,Unvaccinated,"swollen_udder,abnormal_milk_clots,painful_quarter,reduced_milk",20.3756,74.9942,2026-08-13,Bovine_Mastitis
LV-0230,1.1,Jersey,Female,400.4,39.8,86,41,83.6,Anorexia,Lethargic,Overdue,"fever,excessive_salivation,oral_vesicles,lameness,loss_of_appetite",20.5174,77.408,2026-08-17,Foot_and_Mouth_Disease
LV-0231,7.7,Sahiwal,Female,441.0,40.0,74,34,59.7,Reduced,Normal,Up_to_date,"swollen_udder,abnormal_milk_clots,painful_quarter,reduced_milk",20.1406,76.1827,2026-08-18,Bovine_Mastitis
LV-0232,1.8,Gir,Female,441.6,41.5,87,35,69.9,Anorexia,Recumbent,Unvaccinated,"acute_fever,crepitant_swelling,severe_lameness,depression,recumbency",20.6982,75.9269,2026-08-11,Blackleg
LV-0233,4.3,Sahiwal,Female,450.0,40.1,74,31,49.0,Reduced,Normal,Unvaccinated,"swollen_udder,abnormal_milk_clots,painful_quarter,reduced_milk",20.7138,75.5858,2026-08-19,Bovine_Mastitis
LV-0234,4.8,Red_Sindhi,Female,384.2,41.7,90,52,94.9,Anorexia,Depressed,Unvaccinated,"acute_fever,crepitant_swelling,severe_lameness,depression,recumbency",19.9983,75.6401,2026-08-11,Blackleg
LV-0235,1.6,Sahiwal,Female,391.3,38.1,60,24,0.0,Normal,Active,Up_to_date,none,21.2813,73.9216,2026-08-23,Healthy_Cattle
LV-0236,1.1,Gir,Female,509.3,41.2,105,46,77.8,Anorexia,Depressed,Up_to_date,"acute_fever,crepitant_swelling,severe_lameness,depression,recumbency",21.2737,75.2732,2026-08-10,Blackleg
LV-0237,4.2,Sahiwal,Male,426.6,39.9,78,25,75.4,Reduced,Normal,Up_to_date,"swollen_udder,abnormal_milk_clots,painful_quarter,reduced_milk",19.3145,74.4271,2026-08-17,Bovine_Mastitis
LV-0238,4.5,Holstein_Friesian,Female,336.0,40.6,85,41,67.7,Anorexia,Depressed,Unvaccinated,"fever,skin_nodules,swollen_lymph_nodes,nasal_discharge,loss_of_appetite",20.3316,74.1415,2026-08-05,Lumpy_Skin_Disease
LV-0239,7.5,Jersey,Female,254.3,40.5,94,40,71.3,Anorexia,Lethargic,Unvaccinated,"fever,excessive_salivation,oral_vesicles,lameness,loss_of_appetite",19.3904,75.6655,2026-08-30,Foot_and_Mouth_Disease
LV-0240,2.5,Sahiwal,Female,377.4,40.0,80,34,53.4,Anorexia,Lethargic,Up_to_date,"fever,skin_nodules,swollen_lymph_nodes,nasal_discharge,loss_of_appetite",19.6731,74.4368,2026-08-15,Lumpy_Skin_Disease
LV-0241,6.1,Holstein_Friesian,Female,509.9,40.9,100,48,76.5,Anorexia,Depressed,Overdue,"acute_fever,crepitant_swelling,severe_lameness,depression,recumbency",19.4827,75.6867,2026-08-01,Blackleg
LV-0242,5.8,Red_Sindhi,Male,364.5,40.0,66,25,71.1,Normal,Normal,Up_to_date,"swollen_udder,abnormal_milk_clots,painful_quarter,reduced_milk",21.187,74.3173,2026-08-17,Bovine_Mastitis
LV-0243,8.0,Murrah_Buffalo,Female,445.1,38.9,70,23,0.0,Normal,Active,Up_to_date,none,20.6439,77.0263,2026-08-22,Healthy_Cattle
LV-0244,5.8,Gir,Female,441.7,41.4,70,40,91.7,Anorexia,Recumbent,Overdue,"acute_fever,crepitant_swelling,severe_lameness,depression,recumbency",21.0649,77.0302,2026-08-03,Blackleg
LV-0245,4.7,Gir,Male,339.7,40.6,87,38,54.6,Anorexia,Lethargic,Unvaccinated,"fever,skin_nodules,swollen_lymph_nodes,nasal_discharge,loss_of_appetite",21.4677,74.4262,2026-08-29,Lumpy_Skin_Disease
LV-0246,3.9,Holstein_Friesian,Female,344.7,38.9,72,24,60.9,Reduced,Normal,Unvaccinated,"swollen_udder,abnormal_milk_clots,painful_quarter,reduced_milk",20.6263,73.5335,2026-08-11,Bovine_Mastitis
LV-0247,8.6,Gir,Male,374.2,38.7,55,31,0.0,Normal,Active,Up_to_date,none,20.0632,74.9008,2026-08-26,Healthy_Cattle
LV-0248,1.1,Holstein_Friesian,Male,371.9,42.0,81,52,75.6,Anorexia,Recumbent,Overdue,"acute_fever,crepitant_swelling,severe_lameness,depression,recumbency",20.3162,75.2327,2026-08-26,Blackleg
LV-0249,6.2,Murrah_Buffalo,Female,414.5,38.2,59,27,0.0,Normal,Active,Up_to_date,none,19.4415,74.466,2026-08-27,Healthy_Cattle
LV-0250,8.8,Sahiwal,Male,442.8,39.1,58,24,0.0,Normal,Active,Up_to_date,none,19.8523,77.334,2026-08-17,Healthy_Cattle
LV-0251,7.2,Holstein_Friesian,Female,371.2,41.2,100,38,68.5,Anorexia,Lethargic,Overdue,"fever,excessive_salivation,oral_vesicles,lameness,loss_of_appetite",20.4641,76.7951,2026-08-10,Foot_and_Mouth_Disease
LV-0252,8.3,Jersey,Male,378.2,41.5,99,37,74.7,Anorexia,Recumbent,Up_to_date,"acute_fever,crepitant_swelling,severe_lameness,depression,recumbency",19.2787,73.6347,2026-08-21,Blackleg
LV-0253,8.4,Jersey,Male,442.4,38.7,56,22,0.0,Normal,Active,Up_to_date,none,20.7087,75.2457,2026-08-13,Healthy_Cattle
LV-0254,8.6,Holstein_Friesian,Female,377.6,38.6,71,20,0.0,Normal,Active,Partial,none,21.0741,77.4905,2026-08-03,Healthy_Cattle
LV-0255,3.7,Red_Sindhi,Female,402.2,40.5,65,33,46.0,Reduced,Normal,Up_to_date,"swollen_udder,abnormal_milk_clots,painful_quarter,reduced_milk",21.3152,75.1593,2026-08-29,Bovine_Mastitis
LV-0256,6.2,Red_Sindhi,Female,398.9,40.7,67,35,50.3,Reduced,Normal,Partial,"swollen_udder,abnormal_milk_clots,painful_quarter,reduced_milk",21.2874,74.8676,2026-08-05,Bovine_Mastitis
LV-0257,5.2,Red_Sindhi,Male,488.5,39.8,79,27,62.7,Reduced,Normal,Partial,"swollen_udder,abnormal_milk_clots,painful_quarter,reduced_milk",19.5873,76.9546,2026-08-24,Bovine_Mastitis
LV-0258,2.5,Red_Sindhi,Female,486.8,38.9,57,27,0.0,Normal,Active,Up_to_date,none,20.4078,75.8972,2026-08-15,Healthy_Cattle
LV-0259,1.4,Sahiwal,Female,458.2,40.6,83,33,31.1,Reduced,Lethargic,Unvaccinated,"fever,skin_nodules,swollen_lymph_nodes,nasal_discharge,loss_of_appetite",20.5571,77.1409,2026-08-28,Lumpy_Skin_Disease
LV-0260,4.6,Red_Sindhi,Female,320.7,40.1,75,31,66.7,Reduced,Normal,Up_to_date,"swollen_udder,abnormal_milk_clots,painful_quarter,reduced_milk",18.5952,75.1933,2026-08-30,Bovine_Mastitis
LV-0261,6.5,Murrah_Buffalo,Female,422.5,39.4,72,21,0.0,Normal,Active,Partial,none,18.8757,74.3022,2026-08-05,Healthy_Cattle
LV-0262,6.6,Gir,Male,398.8,38.3,52,18,0.0,Normal,Active,Up_to_date,none,21.1757,74.7242,2026-08-14,Healthy_Cattle
LV-0263,1.6,Jersey,Female,409.4,39.9,83,36,56.7,Anorexia,Lethargic,Overdue,"fever,excessive_salivation,oral_vesicles,lameness,loss_of_appetite",21.4192,76.5372,2026-08-08,Foot_and_Mouth_Disease
LV-0264,1.1,Holstein_Friesian,Female,344.6,40.9,70,28,43.6,Anorexia,Lethargic,Partial,"fever,skin_nodules,swollen_lymph_nodes,nasal_discharge,loss_of_appetite",20.8304,73.8059,2026-08-24,Lumpy_Skin_Disease
LV-0265,1.7,Sahiwal,Female,454.4,39.7,79,37,56.1,Anorexia,Lethargic,Unvaccinated,"fever,skin_nodules,swollen_lymph_nodes,nasal_discharge,loss_of_appetite",19.3209,75.4513,2026-08-17,Lumpy_Skin_Disease
LV-0266,9.9,Sahiwal,Female,360.2,40.4,64,25,55.6,Reduced,Normal,Partial,"swollen_udder,abnormal_milk_clots,painful_quarter,reduced_milk",20.4926,74.297,2026-08-15,Bovine_Mastitis
LV-0267,8.6,Gir,Male,403.3,40.3,73,20,73.4,Reduced,Normal,Overdue,"swollen_udder,abnormal_milk_clots,painful_quarter,reduced_milk",21.0147,74.9456,2026-08-03,Bovine_Mastitis
LV-0268,2.1,Jersey,Female,390.5,41.4,99,31,83.2,Anorexia,Recumbent,Unvaccinated,"acute_fever,crepitant_swelling,severe_lameness,depression,recumbency",19.1895,75.7106,2026-08-25,Blackleg
LV-0269,3.5,Murrah_Buffalo,Male,384.7,40.8,88,37,93.0,Anorexia,Recumbent,Partial,"acute_fever,crepitant_swelling,severe_lameness,depression,recumbency",21.4098,75.785,2026-08-25,Blackleg
LV-0270,3.3,Sahiwal,Female,401.7,41.6,102,55,73.5,Anorexia,Depressed,Up_to_date,"acute_fever,crepitant_swelling,severe_lameness,depression,recumbency",19.2579,75.5803,2026-08-20,Blackleg
LV-0271,3.4,Red_Sindhi,Female,437.8,41.0,101,42,56.1,Anorexia,Lethargic,Unvaccinated,"fever,excessive_salivation,oral_vesicles,lameness,loss_of_appetite",19.5537,73.8751,2026-08-26,Foot_and_Mouth_Disease
LV-0272,9.5,Murrah_Buffalo,Male,380.6,40.4,87,44,68.7,Anorexia,Lethargic,Unvaccinated,"fever,excessive_salivation,oral_vesicles,lameness,loss_of_appetite",18.9635,75.4491,2026-08-18,Foot_and_Mouth_Disease
LV-0273,7.3,Red_Sindhi,Male,507.7,39.3,90,26,74.3,Normal,Normal,Unvaccinated,"swollen_udder,abnormal_milk_clots,painful_quarter,reduced_milk",19.1802,76.1801,2026-08-20,Bovine_Mastitis
LV-0274,5.5,Jersey,Female,295.0,40.8,71,29,41.1,Reduced,Normal,Up_to_date,"swollen_udder,abnormal_milk_clots,painful_quarter,reduced_milk",18.6488,76.3984,2026-08-14,Bovine_Mastitis
LV-0275,2.7,Holstein_Friesian,Female,472.9,39.1,76,27,0.0,Normal,Active,Up_to_date,none,20.1694,76.926,2026-08-08,Healthy_Cattle
LV-0276,4.5,Sahiwal,Female,512.0,38.6,60,19,0.0,Normal,Active,Up_to_date,none,21.3845,76.1715,2026-08-19,Healthy_Cattle
LV-0277,6.4,Murrah_Buffalo,Female,383.5,39.2,85,36,62.8,Reduced,Normal,Partial,"swollen_udder,abnormal_milk_clots,painful_quarter,reduced_milk",19.5193,75.3225,2026-08-26,Bovine_Mastitis
LV-0278,7.4,Jersey,Female,380.1,41.6,90,35,94.0,Anorexia,Recumbent,Partial,"acute_fever,crepitant_swelling,severe_lameness,depression,recumbency",20.123,77.4394,2026-08-24,Blackleg
LV-0279,9.4,Jersey,Female,354.3,41.0,87,41,70.1,Anorexia,Lethargic,Overdue,"fever,excessive_salivation,oral_vesicles,lameness,loss_of_appetite",19.9129,76.1477,2026-08-26,Foot_and_Mouth_Disease
LV-0280,3.5,Holstein_Friesian,Female,381.1,41.0,109,41,70.0,Anorexia,Depressed,Unvaccinated,"acute_fever,crepitant_swelling,severe_lameness,depression,recumbency",19.5703,76.5299,2026-08-04,Blackleg
LV-0281,7.2,Gir,Female,389.9,40.5,79,24,83.2,Anorexia,Lethargic,Overdue,"fever,excessive_salivation,oral_vesicles,lameness,loss_of_appetite",20.7048,75.6258,2026-08-06,Foot_and_Mouth_Disease
LV-0282,9.5,Murrah_Buffalo,Male,466.5,41.9,74,52,74.2,Anorexia,Recumbent,Overdue,"acute_fever,crepitant_swelling,severe_lameness,depression,recumbency",18.5455,75.8257,2026-08-21,Blackleg
LV-0283,6.1,Holstein_Friesian,Male,320.7,38.3,64,24,0.0,Normal,Active,Up_to_date,none,19.8919,73.9748,2026-08-13,Healthy_Cattle
LV-0284,3.0,Holstein_Friesian,Male,461.8,40.4,81,29,50.0,Reduced,Normal,Unvaccinated,"swollen_udder,abnormal_milk_clots,painful_quarter,reduced_milk",20.7445,75.745,2026-08-29,Bovine_Mastitis
LV-0285,9.9,Gir,Female,416.0,38.7,62,23,0.0,Normal,Active,Up_to_date,none,20.576,75.3317,2026-08-08,Healthy_Cattle
LV-0286,6.2,Gir,Female,458.7,38.7,63,24,0.0,Normal,Active,Partial,none,20.8818,74.1332,2026-08-17,Healthy_Cattle
LV-0287,2.9,Gir,Female,328.8,39.1,83,41,65.2,Anorexia,Lethargic,Unvaccinated,"fever,excessive_salivation,oral_vesicles,lameness,loss_of_appetite",20.9709,75.0384,2026-08-17,Foot_and_Mouth_Disease
LV-0288,2.8,Jersey,Female,388.0,40.9,106,27,87.5,Anorexia,Lethargic,Overdue,"fever,excessive_salivation,oral_vesicles,lameness,loss_of_appetite",19.2493,76.1166,2026-08-18,Foot_and_Mouth_Disease
LV-0289,6.1,Murrah_Buffalo,Female,411.9,38.4,66,20,0.0,Normal,Active,Partial,none,20.4853,73.8072,2026-08-19,Healthy_Cattle
LV-0290,7.1,Sahiwal,Male,413.0,40.6,97,37,88.5,Anorexia,Lethargic,Unvaccinated,"fever,excessive_salivation,oral_vesicles,lameness,loss_of_appetite",20.7501,75.6266,2026-08-14,Foot_and_Mouth_Disease
LV-0291,3.0,Murrah_Buffalo,Male,392.6,40.8,88,27,78.4,Anorexia,Lethargic,Overdue,"fever,excessive_salivation,oral_vesicles,lameness,loss_of_appetite",19.4531,77.3747,2026-08-09,Foot_and_Mouth_Disease
LV-0292,8.5,Jersey,Female,328.9,40.2,82,36,62.6,Anorexia,Lethargic,Up_to_date,"fever,excessive_salivation,oral_vesicles,lameness,loss_of_appetite",20.8429,75.0929,2026-08-02,Foot_and_Mouth_Disease
LV-0293,2.3,Red_Sindhi,Female,492.0,38.6,53,19,0.0,Normal,Active,Partial,none,19.2535,76.8768,2026-08-08,Healthy_Cattle
LV-0294,3.5,Sahiwal,Male,440.3,39.6,84,29,72.1,Reduced,Normal,Up_to_date,"swollen_udder,abnormal_milk_clots,painful_quarter,reduced_milk",19.2017,74.3435,2026-08-22,Bovine_Mastitis
LV-0295,5.0,Gir,Male,509.3,38.2,73,23,0.0,Normal,Active,Partial,none,19.0734,75.3386,2026-08-18,Healthy_Cattle
LV-0296,9.4,Sahiwal,Female,408.2,41.1,88,35,64.9,Reduced,Lethargic,Unvaccinated,"fever,skin_nodules,swollen_lymph_nodes,nasal_discharge,loss_of_appetite",20.8916,76.3969,2026-08-14,Lumpy_Skin_Disease
LV-0297,1.9,Gir,Female,482.9,41.8,83,33,50.9,Anorexia,Lethargic,Unvaccinated,"fever,excessive_salivation,oral_vesicles,lameness,loss_of_appetite",21.4241,74.0418,2026-08-30,Foot_and_Mouth_Disease
LV-0298,9.3,Sahiwal,Female,305.4,39.0,65,22,0.0,Normal,Active,Up_to_date,none,20.8621,74.7257,2026-08-16,Healthy_Cattle
LV-0299,4.3,Jersey,Female,565.7,41.9,89,45,80.5,Anorexia,Recumbent,Overdue,"acute_fever,crepitant_swelling,severe_lameness,depression,recumbency",19.7315,74.1533,2026-08-29,Blackleg
LV-0300,3.3,Red_Sindhi,Female,413.4,40.3,96,35,53.3,Anorexia,Lethargic,Overdue,"fever,excessive_salivation,oral_vesicles,lameness,loss_of_appetite",20.7574,73.7052,2026-08-28,Foot_and_Mouth_Disease
LV-0301,7.5,Jersey,Female,345.8,41.3,111,44,90.4,Anorexia,Recumbent,Overdue,"acute_fever,crepitant_swelling,severe_lameness,depression,recumbency",19.3045,74.9443,2026-08-22,Blackleg
LV-0302,2.5,Murrah_Buffalo,Male,313.4,41.1,77,40,73.9,Reduced,Lethargic,Overdue,"fever,skin_nodules,swollen_lymph_nodes,nasal_discharge,loss_of_appetite",18.8663,73.9445,2026-08-06,Lumpy_Skin_Disease
LV-0303,7.1,Gir,Male,478.7,41.1,76,35,79.5,Anorexia,Lethargic,Overdue,"fever,excessive_salivation,oral_vesicles,lameness,loss_of_appetite",20.5138,74.5826,2026-08-02,Foot_and_Mouth_Disease
LV-0304,5.0,Jersey,Female,392.2,40.1,82,45,58.7,Anorexia,Depressed,Unvaccinated,"fever,skin_nodules,swollen_lymph_nodes,nasal_discharge,loss_of_appetite",19.8393,75.9751,2026-08-24,Lumpy_Skin_Disease
LV-0305,8.7,Murrah_Buffalo,Female,431.1,40.1,75,34,75.1,Normal,Normal,Partial,"swollen_udder,abnormal_milk_clots,painful_quarter,reduced_milk",18.6204,77.0597,2026-08-28,Bovine_Mastitis
LV-0306,6.9,Red_Sindhi,Female,447.6,41.3,76,36,43.0,Reduced,Depressed,Overdue,"fever,skin_nodules,swollen_lymph_nodes,nasal_discharge,loss_of_appetite",18.9553,77.0583,2026-08-22,Lumpy_Skin_Disease
LV-0307,7.1,Jersey,Female,320.6,39.5,68,31,71.2,Normal,Normal,Unvaccinated,"swollen_udder,abnormal_milk_clots,painful_quarter,reduced_milk",20.7412,74.3749,2026-08-05,Bovine_Mastitis
LV-0308,2.9,Gir,Male,380.6,41.4,76,55,65.1,Anorexia,Recumbent,Unvaccinated,"acute_fever,crepitant_swelling,severe_lameness,depression,recumbency",20.9203,76.8681,2026-08-07,Blackleg
LV-0309,4.8,Jersey,Male,387.2,39.3,75,28,42.3,Reduced,Normal,Overdue,"swollen_udder,abnormal_milk_clots,painful_quarter,reduced_milk",20.1918,75.5011,2026-08-10,Bovine_Mastitis
LV-0310,8.6,Murrah_Buffalo,Female,409.6,40.3,77,24,53.2,Reduced,Normal,Unvaccinated,"swollen_udder,abnormal_milk_clots,painful_quarter,reduced_milk",21.2008,76.6688,2026-08-01,Bovine_Mastitis
LV-0311,6.5,Murrah_Buffalo,Female,470.5,38.4,60,22,0.0,Normal,Active,Up_to_date,none,18.6274,76.2385,2026-08-17,Healthy_Cattle
LV-0312,6.0,Murrah_Buffalo,Male,415.0,39.6,104,39,85.8,Anorexia,Recumbent,Overdue,"acute_fever,crepitant_swelling,severe_lameness,depression,recumbency",21.1736,73.5545,2026-08-03,Blackleg
LV-0313,3.3,Murrah_Buffalo,Female,490.2,40.9,88,41,70.6,Anorexia,Lethargic,Overdue,"fever,excessive_salivation,oral_vesicles,lameness,loss_of_appetite",20.1466,75.0199,2026-08-13,Foot_and_Mouth_Disease
LV-0314,3.0,Gir,Male,372.3,38.5,53,22,0.0,Normal,Active,Up_to_date,none,19.4549,75.4561,2026-08-20,Healthy_Cattle
LV-0315,3.8,Holstein_Friesian,Female,365.0,41.4,116,47,88.0,Anorexia,Depressed,Unvaccinated,"acute_fever,crepitant_swelling,severe_lameness,depression,recumbency",19.9999,76.421,2026-08-13,Blackleg
LV-0316,7.1,Gir,Female,415.2,40.2,88,47,69.0,Anorexia,Recumbent,Unvaccinated,"acute_fever,crepitant_swelling,severe_lameness,depression,recumbency",19.3468,74.6923,2026-08-13,Blackleg
LV-0317,1.8,Holstein_Friesian,Male,431.8,39.3,61,29,68.7,Reduced,Normal,Up_to_date,"swollen_udder,abnormal_milk_clots,painful_quarter,reduced_milk",19.9944,76.2572,2026-08-14,Bovine_Mastitis
LV-0318,6.9,Jersey,Female,422.3,40.0,68,33,82.4,Reduced,Normal,Unvaccinated,"swollen_udder,abnormal_milk_clots,painful_quarter,reduced_milk",21.2723,77.4007,2026-08-29,Bovine_Mastitis
LV-0319,4.0,Murrah_Buffalo,Male,505.6,40.9,68,32,97.4,Anorexia,Recumbent,Overdue,"acute_fever,crepitant_swelling,severe_lameness,depression,recumbency",20.2536,77.3773,2026-08-26,Blackleg
LV-0320,5.2,Gir,Male,361.3,38.6,64,28,0.0,Normal,Active,Partial,none,18.5006,75.9559,2026-08-21,Healthy_Cattle
LV-0321,6.8,Murrah_Buffalo,Male,444.0,39.9,73,22,67.1,Reduced,Normal,Overdue,"swollen_udder,abnormal_milk_clots,painful_quarter,reduced_milk",19.5143,74.0073,2026-08-21,Bovine_Mastitis
LV-0322,1.3,Jersey,Female,360.5,41.5,94,38,63.9,Anorexia,Recumbent,Overdue,"acute_fever,crepitant_swelling,severe_lameness,depression,recumbency",19.3864,75.6199,2026-08-11,Blackleg
LV-0323,9.2,Sahiwal,Male,373.8,39.5,72,22,66.8,Normal,Normal,Partial,"swollen_udder,abnormal_milk_clots,painful_quarter,reduced_milk",20.7654,75.8465,2026-08-04,Bovine_Mastitis
LV-0324,3.8,Sahiwal,Male,406.1,40.9,74,32,60.5,Reduced,Depressed,Overdue,"fever,skin_nodules,swollen_lymph_nodes,nasal_discharge,loss_of_appetite",19.6824,75.9133,2026-08-24,Lumpy_Skin_Disease
LV-0325,5.6,Murrah_Buffalo,Female,443.9,40.5,72,46,85.0,Anorexia,Lethargic,Up_to_date,"fever,excessive_salivation,oral_vesicles,lameness,loss_of_appetite",19.1801,75.7676,2026-08-21,Foot_and_Mouth_Disease
LV-0326,6.8,Red_Sindhi,Male,427.9,40.4,85,43,58.7,Anorexia,Lethargic,Unvaccinated,"fever,excessive_salivation,oral_vesicles,lameness,loss_of_appetite",18.6451,76.782,2026-08-04,Foot_and_Mouth_Disease
LV-0327,3.4,Sahiwal,Female,416.6,41.0,79,35,41.1,Anorexia,Lethargic,Unvaccinated,"fever,skin_nodules,swollen_lymph_nodes,nasal_discharge,loss_of_appetite",18.543,75.4133,2026-08-26,Lumpy_Skin_Disease
LV-0328,1.5,Red_Sindhi,Female,467.5,40.3,64,40,58.1,Reduced,Lethargic,Unvaccinated,"fever,skin_nodules,swollen_lymph_nodes,nasal_discharge,loss_of_appetite",19.2325,75.892,2026-08-12,Lumpy_Skin_Disease
LV-0329,5.6,Holstein_Friesian,Female,485.3,40.6,88,29,52.5,Anorexia,Lethargic,Overdue,"fever,excessive_salivation,oral_vesicles,lameness,loss_of_appetite",20.2216,75.7641,2026-08-16,Foot_and_Mouth_Disease
LV-0330,3.3,Red_Sindhi,Female,261.1,41.3,89,25,50.4,Anorexia,Depressed,Partial,"fever,skin_nodules,swollen_lymph_nodes,nasal_discharge,loss_of_appetite",20.8895,76.527,2026-08-14,Lumpy_Skin_Disease
LV-0331,4.2,Holstein_Friesian,Female,439.1,40.9,84,30,72.2,Anorexia,Lethargic,Overdue,"fever,excessive_salivation,oral_vesicles,lameness,loss_of_appetite",18.5126,76.1817,2026-08-19,Foot_and_Mouth_Disease
LV-0332,7.9,Gir,Male,477.2,41.9,93,38,54.6,Anorexia,Lethargic,Unvaccinated,"fever,excessive_salivation,oral_vesicles,lameness,loss_of_appetite",19.0085,73.7039,2026-08-18,Foot_and_Mouth_Disease
LV-0333,7.1,Red_Sindhi,Female,486.9,40.9,120,34,85.9,Anorexia,Depressed,Overdue,"acute_fever,crepitant_swelling,severe_lameness,depression,recumbency",20.5619,77.3465,2026-08-13,Blackleg
LV-0334,4.6,Holstein_Friesian,Female,384.2,41.4,82,49,73.1,Anorexia,Lethargic,Unvaccinated,"fever,excessive_salivation,oral_vesicles,lameness,loss_of_appetite",20.9125,76.9657,2026-08-17,Foot_and_Mouth_Disease
LV-0335,9.0,Holstein_Friesian,Male,287.4,38.9,65,24,0.0,Normal,Active,Up_to_date,none,20.5264,75.084,2026-08-14,Healthy_Cattle
LV-0336,7.6,Murrah_Buffalo,Female,357.6,40.5,67,29,43.6,Anorexia,Depressed,Unvaccinated,"fever,skin_nodules,swollen_lymph_nodes,nasal_discharge,loss_of_appetite",21.316,74.8994,2026-08-15,Lumpy_Skin_Disease
LV-0337,5.2,Holstein_Friesian,Female,387.8,41.0,77,35,61.5,Reduced,Depressed,Unvaccinated,"fever,skin_nodules,swollen_lymph_nodes,nasal_discharge,loss_of_appetite",19.0873,75.5527,2026-08-13,Lumpy_Skin_Disease
LV-0338,2.2,Red_Sindhi,Female,528.6,38.9,59,28,40.3,Reduced,Normal,Up_to_date,"swollen_udder,abnormal_milk_clots,painful_quarter,reduced_milk",20.7038,73.5958,2026-08-14,Bovine_Mastitis
LV-0339,2.2,Red_Sindhi,Female,366.6,41.3,79,32,58.9,Reduced,Lethargic,Overdue,"fever,skin_nodules,swollen_lymph_nodes,nasal_discharge,loss_of_appetite",20.2643,74.7643,2026-08-29,Lumpy_Skin_Disease
LV-0340,4.9,Murrah_Buffalo,Female,370.4,38.2,62,22,0.0,Normal,Active,Up_to_date,none,19.6542,75.244,2026-08-13,Healthy_Cattle
LV-0341,4.8,Gir,Male,453.6,39.3,79,32,66.1,Normal,Normal,Up_to_date,"swollen_udder,abnormal_milk_clots,painful_quarter,reduced_milk",20.3145,75.0498,2026-08-08,Bovine_Mastitis
LV-0342,8.2,Jersey,Female,413.6,41.7,118,48,87.2,Anorexia,Depressed,Partial,"acute_fever,crepitant_swelling,severe_lameness,depression,recumbency",20.6605,74.6489,2026-08-08,Blackleg
LV-0343,3.9,Gir,Female,370.6,39.4,90,28,50.8,Reduced,Normal,Unvaccinated,"swollen_udder,abnormal_milk_clots,painful_quarter,reduced_milk",19.4378,75.1427,2026-08-23,Bovine_Mastitis
LV-0344,8.2,Red_Sindhi,Female,327.6,39.0,70,23,42.5,Normal,Normal,Partial,"swollen_udder,abnormal_milk_clots,painful_quarter,reduced_milk",19.7846,76.0281,2026-08-23,Bovine_Mastitis
LV-0345,3.8,Sahiwal,Female,497.4,40.3,69,20,52.1,Normal,Normal,Unvaccinated,"swollen_udder,abnormal_milk_clots,painful_quarter,reduced_milk",21.2278,74.9809,2026-08-25,Bovine_Mastitis
LV-0346,7.9,Murrah_Buffalo,Female,494.3,41.6,85,41,82.5,Anorexia,Lethargic,Overdue,"fever,excessive_salivation,oral_vesicles,lameness,loss_of_appetite",20.2999,75.4426,2026-08-17,Foot_and_Mouth_Disease
LV-0347,8.7,Holstein_Friesian,Female,386.1,41.1,91,38,77.3,Anorexia,Lethargic,Overdue,"fever,excessive_salivation,oral_vesicles,lameness,loss_of_appetite",20.0017,76.0829,2026-08-26,Foot_and_Mouth_Disease
LV-0348,3.8,Jersey,Female,370.1,40.7,77,43,87.7,Anorexia,Lethargic,Partial,"fever,excessive_salivation,oral_vesicles,lameness,loss_of_appetite",19.3683,76.6329,2026-08-07,Foot_and_Mouth_Disease
LV-0349,7.3,Murrah_Buffalo,Male,508.4,41.3,88,33,73.2,Reduced,Lethargic,Overdue,"fever,skin_nodules,swollen_lymph_nodes,nasal_discharge,loss_of_appetite",20.9617,76.2066,2026-08-01,Lumpy_Skin_Disease
LV-0350,7.5,Gir,Female,368.4,41.7,85,38,61.9,Reduced,Depressed,Unvaccinated,"fever,skin_nodules,swollen_lymph_nodes,nasal_discharge,loss_of_appetite",20.5911,74.9519,2026-08-17,Lumpy_Skin_Disease
